監視カメラ流用,organic,1,既存配線を流用して既設のカメラを高画質カメラへ変更したいhttps://www.arucom.ne.jp › case › ahd › ahd_apartment,https://www.arucom.ne.jp/case/ahd/ahd_apartment.html
監視カメラ流用,organic,2,防犯デジタルレコーダーの互換性についてhttps://www.mm-21.net › user_data › comp,https://www.mm-21.net/user_data/comp.php
監視カメラ流用,organic,3,いらなくなったドライブレコーダーを防犯監視カメラに代用https://try-try-try.tech › その他にＴＲＹ,https://try-try-try.tech/ie/ie-jisaku/old-driverecorder-to-surveillance-camera/
監視カメラ流用,organic,4,ドラレコを屋内の監視カメラ(防犯カメラ)に代用できる機種は ...https://しまうま.com › archives,https://xn--p8j7a0hb.com/archives/2939
監視カメラ流用,organic,5,ドライブレコーダーの意外な活用方法！実際にドラレコを防犯 ...https://www.shittoku-net.com › ... › ドライブレコーダー,https://www.shittoku-net.com/unexpected-utilization-method-of-the-drive-recorder/
監視カメラ流用,organic,6,防犯カメラを種類別に解説！あなたの運用イメージにあった ...https://secureinc.co.jp › HOME › ブログ,https://secureinc.co.jp/aioffice/media/interior/camera-type/
監視カメラ流用,organic,7,監視カメラ統合管理システム｜株式会社昭電https://www.sdn.co.jp › special › camera,https://www.sdn.co.jp/special/camera/
監視カメラ流用,organic,8,ケンウッド DRV-830のレビュー・評価 - 価格.comhttps://review.kakaku.com › ... › DRV-830 › レビュー,https://review.kakaku.com/review/K0001004265/ReviewCD=1155041/
監視カメラ流用,organic,9,ドライブレコーダーを倉庫の防犯カメラに流用不要になった ...https://realestate.yahoo.co.jp › chiebukuro › detail,https://realestate.yahoo.co.jp/knowledge/chiebukuro/detail/14191361389/
監視カメラ流用,organic,10,防犯・セキュリティカメラ商品一覧 | パソコン工房【公式通販】https://www.pc-koubou.jp › casestudy › s_camera_goods,https://www.pc-koubou.jp/casestudy/s_camera_goods.php
監視カメラ流用,organic,11,セキュリティ（監視カメラ・入退室管理）｜株式会社ツバキhttps://www.tsubaki21.com › security,https://www.tsubaki21.com/security/
監視カメラ流用,organic,12,防犯・監視カメラの基礎知識 - 株式会社北陸セイケンhttps://www.ho-seiken.jp › セキュリティ,https://www.ho-seiken.jp/security/knowledge.html
監視カメラ流用,organic,13,インターホンでできる防犯｜インターホンが監視カメラになる？https://iekoma.com › 暮らしのヒント,https://iekoma.com/clue/cy17673/
監視カメラ流用,organic,14,初心者の方に 防犯カメラの接続方法！【WTW 塚本無線】https://www.wtw.jp › ccd › bgnr › camera-cone,https://www.wtw.jp/ccd/bgnr/camera-cone.htm
監視カメラ流用,organic,15,YESKAMO 防犯カメラ 屋外 カメラ2台＋モニター付き 双方向 ...https://www.veenaproducts.com › carwqfl116234,https://www.veenaproducts.com/carwqfl116234
監視カメラ流用,organic,16,【デイナイトカメラ】のおすすめ人気ランキング - モノタロウhttps://www.monotaro.com › ... › 防災・防犯用品,https://www.monotaro.com/k/store/%E3%83%87%E3%82%A4%E3%83%8A%E3%82%A4%E3%83%88%E3%82%AB%E3%83%A1%E3%83%A9/
監視カメラ流用,organic,17,WV-S3130J / WV-S3110J - ネットワークカメラ 製品一覧https://biz.panasonic.com › products-services › lineup,https://biz.panasonic.com/jp-ja/products-services/security_networkcamera/lineup/s3130j-s3110j
動線分析,organic,1,顧客動線分析Moptar | スプリームシステムhttps://www.supreme-system.com › product › moptar,https://www.supreme-system.com/product/moptar/
動線分析,organic,2,工場内動線分析 - スプリームシステムhttps://www.supreme-system.com › moptar › factory,https://www.supreme-system.com/product/moptar/factory/
動線分析,organic,3,人の行動を「見える化」する動線解析技術と活用例 - NEChttps://jpn.nec.com › journal › recommend_year,https://jpn.nec.com/techrep/journal/recommend_year/2011/01.html
動線分析,organic,4,動線分析ツール11選！Webと店舗の顧客動線を見える化https://boxil.jp › mag,https://boxil.jp/mag/a2792/
動線分析,organic,5,動線分析ツール・ソフト比較16選｜店舗売場の可視化で注目 ...https://orend.jp › mag,https://orend.jp/mag/a0037
動線分析,organic,6,Genavis 動線解析 | 国際航業株式会社https://biz.kkc.co.jp › 屋内外位置情報,https://biz.kkc.co.jp/software/lbs/lineanalysis/
動線分析,organic,7,SOLUTION動線分析ソリューション - 日立産業制御 ...https://info.hitachi-ics.co.jp › pss › solution › flow_line,https://info.hitachi-ics.co.jp/product/pss/solution/flow_line.html
動線分析,organic,8,第10回：シリーズ『所在管理・動線分析のすゝめ』（2https://www.panasonic.com › business › its › hint,https://www.panasonic.com/jp/business/its/hint/102.html
動線分析,organic,9,「ムダなどない」という思い込みを覆す動線分析の威力https://xtech.nikkei.com › 記者の眼,https://xtech.nikkei.com/it/atcl/watcher/14/334361/102700403/
動線分析,organic,10,RaFLOW（ラフロー） 位置情報管理・動線分析ソフトウェアhttps://ralc.cec-ltd.co.jp › lineup › raflow,https://ralc.cec-ltd.co.jp/lineup/raflow.html
動線分析,organic,11,動線分析ソリューション｜MoL（Monitoring of Location）https://www.techfirm.co.jp › mol › solution › flowline,https://www.techfirm.co.jp/product/mol/solution/flowline/
動線分析,organic,12,動線分析機器開発と 動線データによる作業分析に関する研究https://koara.lib.keio.ac.jp › xoonips › download.php,https://koara.lib.keio.ac.jp/xoonips/modules/xoonips/download.php/KO50002002-20133984-0003.pdf?file_id=90848
動線分析,organic,13,サイト導線って何? 「動線」との違いから分析方法まで解説!https://wacul-ai.com › blog › method › site-flow,https://wacul-ai.com/blog/site-improvement/method/site-flow/
動線分析,organic,14,動線分析システム 製品ランキング 1～7位 - イプロス都市 ...https://kensetsu.ipros.jp › ... › マーケティング,https://kensetsu.ipros.jp/ranking/product/category/3/140867/
動線分析,organic,15,リアル店舗の顧客行動を可視化！動線分析の方法とは？ - ブログhttps://blog.crestnet.jp › 2021/09 › flow-line-analysis,https://blog.crestnet.jp/2021/09/flow-line-analysis.html
動線分析,organic,16,動線 :: ABEJA Insight for Retail - Support Pagehttps://help.retail.insight.abejainc.com › data › tracking,https://help.retail.insight.abejainc.com/data/tracking/
動線分析,organic,17,動線分析設定 - ABEJA Insight for Retail サポートポータルhttps://help.retail.insight.abejainc.com › setting › tracking,https://help.retail.insight.abejainc.com/dashboard/setting/tracking/
動線分析,organic,18,この作業がムダだったのか！現場の作業の問題点を明確にする ...https://gembaryoku.com › 5Sリーダーのスキル,https://gembaryoku.com/5s-skill/analysis-method2/
動線分析,organic,19,WI-FIによる動線分析 | トリノ・ガーデン株式会社https://tollino-garden.com › traffic,https://tollino-garden.com/traffic/
来店人数計測,organic,1,【来店客数計測】トラブルの少ないシステム・ハードウェアは？https://www.flow-solutions.com › blog › 20170530-hard...,https://www.flow-solutions.com/blog/20170530-hardware-system
来店人数計測,organic,2,客数の把握はできていますか？来店カウンター設置のススメhttps://www.flow-solutions.com › blog › 20160927-co...,https://www.flow-solutions.com/blog/20160927-counting-system-analysis
来店人数計測,organic,3,来店人数を知りたい | 防犯カメラ・監視カメラのクラウド ...https://safie.link › solution › raiten,https://safie.link/solution/raiten/
来店人数計測,organic,4,入店カウント | 顧客動線分析Moptar | スプリームシステムhttps://www.supreme-system.com › moptar › counter,https://www.supreme-system.com/product/moptar/counter/
来店人数計測,organic,5,月額500円から利用できる「AI人数カウントサービス」が店舗 ...https://prtimes.jp › ... › スマートフォンアプリ,https://prtimes.jp/main/html/rd/p/000000008.000053266.html
来店人数計測,organic,6,【来店カウンター】のおすすめ人気ランキング - モノタロウhttps://www.monotaro.com › ... › 防災・防犯用品,https://www.monotaro.com/k/store/%E6%9D%A5%E5%BA%97%E3%82%AB%E3%82%A6%E3%83%B3%E3%82%BF%E3%83%BC/
来店人数計測,organic,7,顧客人数計測：小売店の来店者数分析方法 - V-Counthttps://ja.v-count.com › Blog,https://ja.v-count.com/%E9%A1%A7%E5%AE%A2%E4%BA%BA%E6%95%B0%E8%A8%88%E6%B8%AC%EF%BC%9A%E5%B0%8F%E5%A3%B2%E5%BA%97%E3%81%AE%E6%9D%A5%E5%BA%97%E8%80%85%E6%95%B0%E5%88%86%E6%9E%90%E6%96%B9%E6%B3%95/
来店人数計測,organic,8,売り上げ増につなげる！ピープルカウントシステムの ...https://yamani-shoji.co.jp › poctas,https://yamani-shoji.co.jp/poctas/
来店人数計測,organic,9,来店人数カウント – ESASY（エサシー）https://crestnet.jp › Top › 機能と特徴,https://crestnet.jp/retailtech/esasy/%E6%9D%A5%E5%BA%97%E4%BA%BA%E6%95%B0%E3%82%AB%E3%82%A6%E3%83%B3%E3%83%88/
来店人数計測,organic,10,人数カウント 来場者数 来店客数 人数調査 人数測定 来店客 ...http://www.ninzu.jp,http://www.ninzu.jp/
来店人数計測,organic,11,ピープルカウントシステム | 株式会社三宅https://miyake-sec.com › ... › 店舗ソリューション,https://miyake-sec.com/solution/store_solution__trashed/peoplecount/
来店人数計測,organic,12,来訪者人数カウント分析サービス | ソリューション - 株式会社 ...https://jkpi.jvckenwood.com › solution › people-counter,https://jkpi.jvckenwood.com/solution/people-counter/
来店人数計測,organic,13,（株）ゼオシステム 顔検出 人数カウント 来客数カウント 来場 ...http://www.geo-system.co.jp › kaokensyutu › koagijyutu,http://www.geo-system.co.jp/kaokensyutu/koagijyutu.html
来店人数計測,organic,14,これまでの調査方法|【ニッケンハードウェア】https://www.nikken-hw.jp › activities_videomarketing2,https://www.nikken-hw.jp/activities_videomarketing2.html
来店人数計測,organic,15,人数カウント - ソリューション＆サービス - シキノハイテックhttps://www.shikino.co.jp › solution-people_counting,https://www.shikino.co.jp/solution/solution-people_counting.php
来店人数計測,organic,16,来店カウンターのViametrics Japanhttp://www.viametrics.co.jp,http://www.viametrics.co.jp/
来店人数計測,organic,17,Shoppertrak 人数計測および小売トラフィック解析システムhttps://www.sensormatic.com › ja_jp › people-counting,https://www.sensormatic.com/ja_jp/shoppertrak-retail-traffic-insights/people-counting
来店人数計測,organic,18,来店者属性自動測定サービスhttps://www.atpress.ne.jp › releases,https://www.atpress.ne.jp/releases/32665/A_5.pdf
来店人数計測,organic,19,来客人数 :: ABEJA Insight for Retail - Support Pagehttps://help.retail.insight.abejainc.com › visitor-counting,https://help.retail.insight.abejainc.com/data/visitor-counting/
来店人数計測,organic,20,リテール | 株式会社WHEREhttps://where123.jp › ソリューション,https://where123.jp/solutions/retail/
